K,Inertia,Silhouette
2,5989.735240178855,0.4322
3,3521.0545833873784,0.45297
4,2733.478000035656,0.4085
5,2373.5719022399717,0.39633
6,2076.1562208525397,0.35724
7,1853.703364968911,0.33158
8,1666.58194869226,0.33343
9,1525.0794463564744,0.32619
10,1430.732053089533,0.33481
