K,Inertia,Silhouette
2,6437.17346948086,0.44576
3,3782.0984519206713,0.46877
4,2937.6454829964587,0.43099
5,2473.8664640203915,0.4171
6,2159.328521463444,0.37292
7,1919.12578604234,0.38078
8,1704.979451301052,0.35447
9,1591.494017441356,0.3235
10,1478.9956992136285,0.33204
