,K,Inertia,Silhouette
0,2,6419.7229907037645,0.46334
1,3,3780.6661652982475,0.46928
2,4,2928.9053906695144,0.44552
3,5,2458.844538240025,0.41169
4,6,2136.5175518574597,0.37651
5,7,1904.22370628638,0.37946
6,8,1694.6314117806558,0.35495
7,9,1549.9272164699148,0.33854
8,10,1454.3757894528867,0.33545
