K,Inertia,Silhouette
2,6445.957038493042,0.4701
3,3780.7154605260903,0.46919
4,2946.094377888785,0.4436
5,2671.012904964637,0.36114
6,2178.7170322968536,0.36601
7,2049.453007075121,0.34641
8,1835.2748844100304,0.32838
9,1700.768129973003,0.31505
10,1561.4286154872625,0.31235
